{
  "image": "app/src/androidTest/assets/PXL_room.jpg",
  "load_ms": 79.3,
  "forward_ms": 332.8,
  "tokens_shape": [
    1,
    577,
    1024
  ],
  "block5_shape": [
    1,
    577,
    1024
  ],
  "tokens_checksum": [
    0.08715701103210449,
    0.05036281794309616,
    0.09185922890901566,
    0.01951761730015278,
    -0.07176130264997482,
    0.1277536302804947,
    0.1337415874004364,
    0.061995819211006165,
    0.026622353121638298,
    -0.05649089068174362,
    0.013654351234436035,
    0.023286763578653336,
    -0.01916111446917057,
    0.1025272011756897,
    -0.009763289242982864,
    0.01969711109995842,
    0.05144582316279411,
    0.041898809373378754,
    -0.0002967454493045807,
    -0.11949867010116577,
    0.05885125696659088,
    0.036684323102235794,
    0.08010727167129517,
    -0.04579221084713936,
    0.04989200085401535,
    0.13363350927829742,
    -0.0225893035531044,
    0.04236304387450218,
    -0.012448767200112343,
    0.0320318266749382,
    0.01692480966448784,
    -0.12464471161365509
  ],
  "block5_checksum": [
    -0.009356820955872536,
    -0.015484130010008812,
    0.0023373072035610676,
    0.001508147455751896,
    -0.005479577928781509,
    0.017067933455109596,
    0.033812519162893295,
    0.009841816499829292,
    -0.08402617275714874,
    0.008805351331830025,
    0.010911088436841965,
    0.026003843173384666,
    -0.005227731540799141,
    -0.052067674696445465,
    -0.0065707373432815075,
    -0.006077260244637728,
    -0.008357573300600052,
    -0.0248856283724308,
    0.030245766043663025,
    -0.2325039654970169,
    -0.006476374343037605,
    -0.011182727292180061,
    -0.0007878381293267012,
    -0.07980000972747803,
    0.015054438263177872,
    0.03985151648521423,
    0.010666761547327042,
    -0.027165381237864494,
    0.0033763982355594635,
    0.01812063157558441,
    -0.02443033643066883,
    -0.00441580917686224
  ]
}